anio,registros
1778,1753
1854,2582
1855,3889
1856,2057
1902,2121
1915,2218
1922,3120
1923,6166
1925,4124
1929,21495
1930,2630
1931,4759
1932,2960
1933,3210
1934,2691
1935,3597
1936,4170
1937,3232
1938,3102
1939,3087
1940,4564
1942,2361
1943,2228
1945,2263
1946,2588
1947,3533
1948,4038
1949,2531
1950,2848
1956,1754
1957,6144
1958,2102
1959,2094
1960,4516
1961,3673
1962,10401
1963,4718
1964,13611
1965,3496
1966,3101
1967,4492
1968,6306
1969,3707
1970,6583
1971,4080
1972,16461
1973,16636
1974,12858
1975,8326
1976,15648
1977,18484
1978,24523
1979,20383
1980,21211
1981,17630
1982,26094
1983,21378
1984,26287
1985,23170
1986,25860
1987,19276
1988,18845
1989,15156
1990,14890
1991,18622
1992,10983
1993,8361
1994,12889
1995,8734
1996,13486
1997,24000
1998,15584
1999,7182
2000,5800
2001,9022
2002,25756
2003,69474
2004,62875
2005,50972
2006,103952
2007,140577
2008,76501
2009,71083
2010,17734
2011,68034
2012,17641
2013,15232
2014,9552
2015,6891
2016,9421
2017,12591
2018,14931
2019,18334
2020,15919
2021,24615
2022,25346
2023,16061
2024,12889
2025,17350
2026,7968
